{"id":171458,"items":[{"id":171459,"status":2,"title":"Home 1","order":0,"templateKey":null,"pageLinks":[]}],"metaTags":null,"order":"0","headHtml":null,"customCss":null,"headerHtml":"<section class=\"u-clearfix u-header u-block-944a-1\" custom-posts-hash=\"[]\" data-style=\"header-imglogo-menu\" data-post-id=\"post10\" data-section-properties=\"{&quot;grid-spacing&quot;:&quot;0&quot;,&quot;align&quot;:&quot;left&quot;,&quot;stretch&quot;:true}\" id=\"sec-4ca3\" data-source=\"\" data-id=\"944a\">\n  <div class=\"u-clearfix u-sheet u-valign-middle u-block-944a-2\" data-state=\"{&quot;margin-top&quot;:{&quot;shouldApplyDefaultMargins&quot;:{&quot;XL&quot;:false,&quot;LG&quot;:false,&quot;MD&quot;:false,&quot;SM&quot;:false,&quot;XS&quot;:false},&quot;parentVerticalAlign&quot;:{&quot;XL&quot;:&quot;middle&quot;,&quot;LG&quot;:&quot;middle&quot;,&quot;MD&quot;:&quot;middle&quot;,&quot;SM&quot;:&quot;middle&quot;,&quot;XS&quot;:&quot;middle&quot;}},&quot;margin-bottom&quot;:{&quot;shouldApplyDefaultMargins&quot;:{&quot;XL&quot;:false,&quot;LG&quot;:false,&quot;MD&quot;:false,&quot;SM&quot;:false,&quot;XS&quot;:false},&quot;parentVerticalAlign&quot;:{&quot;XL&quot;:&quot;middle&quot;,&quot;LG&quot;:&quot;middle&quot;,&quot;MD&quot;:&quot;middle&quot;,&quot;SM&quot;:&quot;middle&quot;,&quot;XS&quot;:&quot;middle&quot;}}}\">\n    <a href=\"https://nicepage.com\" class=\"u-image u-logo u-block-944a-8\" data-brightness=\"\" data-state=\"{&quot;margin-top&quot;:{&quot;shouldApplyDefaultMargins&quot;:{&quot;XL&quot;:false,&quot;LG&quot;:false,&quot;MD&quot;:false,&quot;SM&quot;:false,&quot;XS&quot;:false},&quot;parentVerticalAlign&quot;:{&quot;XL&quot;:&quot;middle&quot;,&quot;LG&quot;:&quot;middle&quot;,&quot;MD&quot;:&quot;middle&quot;,&quot;SM&quot;:&quot;middle&quot;,&quot;XS&quot;:&quot;middle&quot;}},&quot;margin-bottom&quot;:{&quot;shouldApplyDefaultMargins&quot;:{&quot;XL&quot;:false,&quot;LG&quot;:false,&quot;MD&quot;:false,&quot;SM&quot;:false,&quot;XS&quot;:false},&quot;parentVerticalAlign&quot;:{&quot;XL&quot;:&quot;middle&quot;,&quot;LG&quot;:&quot;middle&quot;,&quot;MD&quot;:&quot;middle&quot;,&quot;SM&quot;:&quot;middle&quot;,&quot;XS&quot;:&quot;middle&quot;}}}\">\n      <img src=\"np://app.desktop.nicepage.com/Site_171458/images/default-logo.png\" class=\"u-logo-image u-block-944a-10\">\n    </a>\n    <nav class=\"u-menu u-menu-dropdown u-offcanvas u-block-944a-11\" data-state=\"{&quot;margin-top&quot;:{&quot;shouldApplyDefaultMargins&quot;:{&quot;XL&quot;:false,&quot;LG&quot;:false,&quot;MD&quot;:false,&quot;SM&quot;:false,&quot;XS&quot;:false},&quot;parentVerticalAlign&quot;:{&quot;XL&quot;:&quot;middle&quot;,&quot;LG&quot;:&quot;middle&quot;,&quot;MD&quot;:&quot;middle&quot;,&quot;SM&quot;:&quot;middle&quot;,&quot;XS&quot;:&quot;middle&quot;}},&quot;margin-bottom&quot;:{&quot;shouldApplyDefaultMargins&quot;:{&quot;XL&quot;:false,&quot;LG&quot;:false,&quot;MD&quot;:false,&quot;SM&quot;:false,&quot;XS&quot;:false},&quot;parentVerticalAlign&quot;:{&quot;XL&quot;:&quot;middle&quot;,&quot;LG&quot;:&quot;middle&quot;,&quot;MD&quot;:&quot;middle&quot;,&quot;SM&quot;:&quot;middle&quot;,&quot;XS&quot;:&quot;middle&quot;}}}\" data-responsive-from=\"XL\">\n      <div class=\"menu-collapse\" style=\"font-size: 1rem; letter-spacing: 0px;\" wfd-invisible=\"true\">\n        <a class=\"u-button-style u-custom-left-right-menu-spacing u-custom-padding-bottom u-custom-top-bottom-menu-spacing u-nav-link u-text-active-palette-1-base u-text-hover-palette-2-base\" href=\"#\">\n          <svg><use xlink:href=\"#menu-hamburger\"></use></svg>\n          <svg version=\"1.1\" xmlns=\"http://www.w3.org/2000/svg\" xmlns:xlink=\"http://www.w3.org/1999/xlink\"><defs><symbol id=\"menu-hamburger\" viewBox=\"0 0 16 16\" style=\"width: 16px; height: 16px;\"><rect y=\"1\" width=\"16\" height=\"2\"></rect><rect y=\"7\" width=\"16\" height=\"2\"></rect><rect y=\"13\" width=\"16\" height=\"2\"></rect>\n</symbol>\n</defs></svg>\n        </a>\n      </div>\n      <div class=\"u-custom-menu u-nav-container\">\n        <ul class=\"u-nav u-unstyled u-block-944a-18\"><li class=\"u-nav-item\"><a class=\"u-button-style u-nav-link u-text-active-palette-1-base u-text-hover-palette-2-base\" href=\"/Home.html\" data-page-id=\"117349\" style=\"padding: 10px 20px;\">Home</a><div class=\"fake u-hidden u-nav-popup\"><ul class=\"u-h-spacing-20 u-nav u-unstyled u-v-spacing-10 u-block-944a-19\"><li class=\"u-nav-item\"><a class=\"u-button-style u-nav-link u-white\" href=\"#\">Menu Item1</a></li><li class=\"u-nav-item\"><a class=\"u-button-style u-nav-link u-white\" href=\"#\">Menu Item2</a></li><li class=\"u-nav-item\"><a class=\"u-button-style u-nav-link u-white\" href=\"#\">Menu Item3</a></li></ul></div></li><li class=\"u-nav-item\"><a class=\"u-button-style u-nav-link u-text-active-palette-1-base u-text-hover-palette-2-base\" href=\"/Page-1.html\" data-page-id=\"117703\" style=\"padding: 10px 20px;\">Page 1</a></li></ul>\n      </div>\n      <div class=\"u-custom-menu u-nav-container-collapse\" wfd-invisible=\"true\">\n        <div class=\"u-black u-container-style u-inner-container-layout u-opacity u-opacity-95 u-sidenav u-block-944a-14\"><div class=\"u-sidenav-overflow\">\n          <div class=\"u-menu-close u-block-944a-15\"></div>\n          <ul class=\"u-align-center u-nav u-popupmenu-items u-unstyled u-block-944a-16\"><li class=\"u-nav-item\"><a class=\"u-button-style u-nav-link\" href=\"/Home.html\" data-page-id=\"117349\" style=\"padding: 10px 20px;\">Home</a><div class=\"fake u-hidden u-nav-popup\"><ul class=\"u-h-spacing-20 u-nav u-unstyled u-v-spacing-10 u-block-944a-20\"><li class=\"u-nav-item\"><a class=\"u-button-style u-nav-link\" href=\"#\">Menu Item1</a></li><li class=\"u-nav-item\"><a class=\"u-button-style u-nav-link\" href=\"#\">Menu Item2</a></li><li class=\"u-nav-item\"><a class=\"u-button-style u-nav-link\" href=\"#\">Menu Item3</a></li></ul></div></li></ul>\n        </div></div>\n        <div class=\"u-black u-menu-overlay u-opacity u-opacity-70\"></div>\n      </div>\n    </nav>\n  </div>\n  <style data-mode=\"XL\" data-visited=\"true\" wfd-invisible=\"true\">@media (min-width: 1200px){ .u-block-944a-1 {background-image: none}\n.u-block-944a-2 {min-height: 80px}\n.u-block-944a-8 {margin-top: 22px; margin-right: auto; margin-bottom: 0px; margin-left: 0px}\n.u-block-944a-10 {max-width: 64px; max-height: 64px}\n.u-block-944a-11 {margin-top: -32px; margin-right: 0px; margin-bottom: 22px; margin-left: auto}\n.u-block-944a-18 {font-size: 1rem; letter-spacing: 0px}\n.u-block-944a-19 {box-shadow: 2px 2px 8px 0 rgba(var(--grey-50-r),var(--grey-50-g),var(--grey-50-b),1)}\n.u-block-944a-16 {font-size: 1.25rem}\n.u-block-944a-20 {box-shadow: 2px 2px 8px 0 rgba(var(--grey-50-r),var(--grey-50-g),var(--grey-50-b),1)} }</style>\n  <style data-mode=\"LG\" data-visited=\"true\" wfd-invisible=\"true\">@media (max-width: 1199px) and (min-width: 992px){ .u-block-944a-1 {background-image: none}\n.u-block-944a-2 {min-height: 80px}\n.u-block-944a-8 {margin-top: 22px; margin-right: auto; margin-bottom: 0px; margin-left: 0px}\n.u-block-944a-10 {max-width: 64px; max-height: 64px}\n.u-block-944a-11 {width: auto; margin-top: -32px; margin-right: 0px; margin-bottom: 22px; margin-left: auto}\n.u-block-944a-18 {font-size: 1rem; letter-spacing: 0px}\n.u-block-944a-19 {box-shadow: 2px 2px 8px 0 rgba(var(--grey-50-r),var(--grey-50-g),var(--grey-50-b),1)}\n.u-block-944a-16 {font-size: 1.25rem}\n.u-block-944a-20 {box-shadow: 2px 2px 8px 0 rgba(var(--grey-50-r),var(--grey-50-g),var(--grey-50-b),1)} }</style>\n  <style data-mode=\"MD\" data-visited=\"true\" wfd-invisible=\"true\">@media (max-width: 991px) and (min-width: 768px){ .u-block-944a-1 {background-image: none}\n.u-block-944a-2 {min-height: 80px}\n.u-block-944a-8 {margin-top: 22px; margin-right: auto; margin-bottom: 0px; margin-left: 0px; width: 64px; height: 32px}\n.u-block-944a-10 {max-width: 64px; max-height: 64px}\n.u-block-944a-11 {width: auto; margin-top: -32px; margin-right: 0px; margin-bottom: 22px; margin-left: auto}\n.u-block-944a-18 {font-size: 1rem; letter-spacing: 0px}\n.u-block-944a-19 {box-shadow: 2px 2px 8px 0 rgba(var(--grey-50-r),var(--grey-50-g),var(--grey-50-b),1)}\n.u-block-944a-16 {font-size: 1.25rem}\n.u-block-944a-20 {box-shadow: 2px 2px 8px 0 rgba(var(--grey-50-r),var(--grey-50-g),var(--grey-50-b),1)} }</style>\n  <style data-mode=\"SM\" data-visited=\"true\" wfd-invisible=\"true\">@media (max-width: 767px) and (min-width: 576px){ .u-block-944a-1 {background-image: none}\n.u-block-944a-2 {min-height: 80px}\n.u-block-944a-8 {width: auto; margin-top: 22px; margin-right: auto; margin-bottom: 0px; margin-left: 0px; height: 32px}\n.u-block-944a-10 {max-width: 64px; max-height: 64px}\n.u-block-944a-11 {width: auto; margin-top: -32px; margin-right: 0px; margin-bottom: 22px; margin-left: auto}\n.u-block-944a-18 {font-size: 1rem; letter-spacing: 0px}\n.u-block-944a-19 {box-shadow: 2px 2px 8px 0 rgba(var(--grey-50-r),var(--grey-50-g),var(--grey-50-b),1)}\n.u-block-944a-16 {font-size: 1.25rem}\n.u-block-944a-20 {box-shadow: 2px 2px 8px 0 rgba(var(--grey-50-r),var(--grey-50-g),var(--grey-50-b),1)} }</style>\n  <style data-mode=\"XS\" data-visited=\"true\" wfd-invisible=\"true\">@media (max-width: 575px){ .u-block-944a-1 {background-image: none}\n.u-block-944a-2 {min-height: 80px}\n.u-block-944a-8 {margin-top: 22px; margin-right: auto; margin-bottom: 0px; margin-left: 0px; width: auto; height: 32px}\n.u-block-944a-10 {max-width: 64px; max-height: 64px}\n.u-block-944a-11 {width: auto; margin-top: -32px; margin-right: 0px; margin-bottom: 22px; margin-left: auto}\n.u-block-944a-18 {font-size: 1rem; letter-spacing: 0px}\n.u-block-944a-19 {box-shadow: 2px 2px 8px 0 rgba(var(--grey-50-r),var(--grey-50-g),var(--grey-50-b),1)}\n.u-block-944a-16 {font-size: 1.25rem}\n.u-block-944a-20 {box-shadow: 2px 2px 8px 0 rgba(var(--grey-50-r),var(--grey-50-g),var(--grey-50-b),1)} }</style>\n</section>","footerHtml":"<section class=\"u-align-center u-clearfix u-footer u-grey-80 u-block-5057-1\" custom-posts-hash=\"T\" data-state=\"{&quot;min-height&quot;:{&quot;canCollapse&quot;:{&quot;XL&quot;:null,&quot;LG&quot;:null,&quot;MD&quot;:null,&quot;SM&quot;:null,&quot;XS&quot;:null}}}\" data-style=\"footer-1-text\" data-post-id=\"post8\" data-section-properties=\"{&quot;grid-spacing&quot;:&quot;30&quot;,&quot;spacingAdditional&quot;:&quot;none&quot;,&quot;align&quot;:&quot;&quot;,&quot;stretch&quot;:true}\" id=\"sec-3c77\" data-source=\"\" data-id=\"5057\">\n  <div class=\"u-clearfix u-sheet u-block-5057-2\" data-state=\"{&quot;margin-top&quot;:{&quot;shouldApplyDefaultMargins&quot;:{&quot;XL&quot;:false,&quot;LG&quot;:false,&quot;MD&quot;:false,&quot;SM&quot;:false,&quot;XS&quot;:false},&quot;parentVerticalAlign&quot;:{&quot;XL&quot;:&quot;&quot;,&quot;LG&quot;:&quot;&quot;,&quot;MD&quot;:&quot;&quot;,&quot;SM&quot;:&quot;&quot;,&quot;XS&quot;:&quot;&quot;}},&quot;margin-bottom&quot;:{&quot;shouldApplyDefaultMargins&quot;:{&quot;XL&quot;:false,&quot;LG&quot;:false,&quot;MD&quot;:false,&quot;SM&quot;:false,&quot;XS&quot;:false},&quot;parentVerticalAlign&quot;:{&quot;XL&quot;:&quot;&quot;,&quot;LG&quot;:&quot;&quot;,&quot;MD&quot;:&quot;&quot;,&quot;SM&quot;:&quot;&quot;,&quot;XS&quot;:&quot;&quot;}}}\">\n    <p class=\"u-small-text u-text u-text-variant u-block-5057-6\" data-state=\"{&quot;margin-top&quot;:{&quot;shouldApplyDefaultMargins&quot;:{&quot;XL&quot;:false,&quot;LG&quot;:false,&quot;MD&quot;:false,&quot;SM&quot;:false,&quot;XS&quot;:false},&quot;parentVerticalAlign&quot;:{&quot;XL&quot;:&quot;&quot;,&quot;LG&quot;:&quot;&quot;,&quot;MD&quot;:&quot;&quot;,&quot;SM&quot;:&quot;&quot;,&quot;XS&quot;:&quot;&quot;}},&quot;margin-bottom&quot;:{&quot;shouldApplyDefaultMargins&quot;:{&quot;XL&quot;:false,&quot;LG&quot;:false,&quot;MD&quot;:false,&quot;SM&quot;:false,&quot;XS&quot;:false},&quot;parentVerticalAlign&quot;:{&quot;XL&quot;:&quot;&quot;,&quot;LG&quot;:&quot;&quot;,&quot;MD&quot;:&quot;&quot;,&quot;SM&quot;:&quot;&quot;,&quot;XS&quot;:&quot;&quot;}}}\">Sample text. Click to select the text box. Click again or double click to start editing the text.</p>\n  </div>\n  <style data-mode=\"XL\" wfd-invisible=\"true\">@media (min-width: 1200px){ .u-block-5057-1 {background-image: none}\n.u-block-5057-2 {min-height: 120px}\n.u-block-5057-6 {width: 417px; margin-top: 49px; margin-bottom: 49px; margin-left: auto; margin-right: auto} }</style>\n  <style data-mode=\"LG\" wfd-invisible=\"true\">@media (max-width: 1199px) and (min-width: 992px){ .u-block-5057-1 {background-image: none}\n.u-block-5057-2 {min-height: 99px}\n.u-block-5057-6 {width: 417px; margin-top: 49px; margin-bottom: 49px; margin-left: auto; margin-right: auto} }</style>\n  <style data-mode=\"MD\" wfd-invisible=\"true\">@media (max-width: 991px) and (min-width: 768px){ .u-block-5057-1 {background-image: none}\n.u-block-5057-2 {min-height: 76px}\n.u-block-5057-6 {width: 417px; margin-top: 49px; margin-bottom: 49px; margin-left: auto; margin-right: auto} }</style>\n  <style data-mode=\"SM\" wfd-invisible=\"true\">@media (max-width: 767px) and (min-width: 576px){ .u-block-5057-1 {background-image: none}\n.u-block-5057-2 {min-height: 57px}\n.u-block-5057-6 {width: 417px; margin-top: 49px; margin-bottom: 49px; margin-left: auto; margin-right: auto} }</style>\n  <style data-mode=\"XS\" wfd-invisible=\"true\">@media (max-width: 575px){ .u-block-5057-1 {background-image: none}\n.u-block-5057-2 {min-height: 36px}\n.u-block-5057-6 {width: 340px; margin-top: 49px; margin-bottom: 49px; margin-left: auto; margin-right: auto} }</style>\n</section>","hideBacklink":null,"homePageId":171459,"dateUpdated":1608157209970,"settings":"{\"id\":171458,\"colorScheme\":{\"bodyColors\":[\"#111111\",\"#ffffff\"],\"bgColor\":\"#ffffff\",\"colors\":[\"#233365\",\"#db545a\",\"#ffb400\",\"#2cccc4\",\"#4b535e\"],\"shadingContrast\":\"body-alt-color\",\"whiteContrast\":\"body-color\",\"bgContrast\":\"body-color\",\"name\":\"u11\"},\"fontScheme\":{\"name\":\"Roboto-OpenSans\",\"default\":true,\"isDefault\":true,\"fonts\":{\"heading\":\"Roboto, sans-serif\",\"text\":\"Open Sans, sans-serif\",\"accent\":\"Arial, sans-serif\",\"headingTitle\":\"Roboto\",\"textTitle\":\"Open Sans\"}},\"typography\":{\"name\":\"custom-page-typography-22\",\"title\":{\"font-weight\":\"400\",\"font-size\":4.5,\"line-height\":\"1_1\",\"margin-top\":20,\"margin-bottom\":20,\"SM\":{\"font-size\":3.75},\"XS\":{\"font-size\":3}},\"subtitle\":{\"font-weight\":\"400\",\"font-size\":2.25,\"line-height\":\"1_1\",\"margin-top\":20,\"margin-bottom\":20,\"XS\":{\"font-size\":1.5}},\"h1\":{\"font-weight\":\"400\",\"font-size\":3,\"line-height\":\"1_1\",\"margin-top\":20,\"margin-bottom\":20,\"XS\":{\"font-size\":2.25}},\"h2\":{\"font-weight\":\"400\",\"font-size\":2.25,\"line-height\":\"1_1\",\"margin-top\":20,\"margin-bottom\":20,\"XS\":{\"font-size\":1.5}},\"h3\":{\"font-weight\":\"400\",\"font-size\":1.875,\"line-height\":\"1_2\",\"margin-top\":20,\"margin-bottom\":20,\"XS\":{\"font-size\":1.5}},\"h4\":{\"font-weight\":\"400\",\"font-size\":1.5,\"line-height\":\"1_2\",\"margin-top\":20,\"margin-bottom\":20},\"h5\":{\"font-weight\":\"400\",\"font-size\":1.25,\"line-height\":\"1_2\",\"margin-top\":20,\"margin-bottom\":20},\"h6\":{\"font-weight\":\"400\",\"font-size\":1.125,\"line-height\":\"1_2\",\"margin-top\":20,\"margin-bottom\":20},\"largeText\":{\"font-size\":1.25,\"margin-top\":20,\"margin-bottom\":20},\"smallText\":{\"font-size\":0.875,\"margin-top\":20,\"margin-bottom\":20},\"text\":{\"margin-top\":20,\"margin-bottom\":20},\"hyperlink\":{\"text-color\":\"palette-1-base\"},\"link\":{},\"button\":{\"color\":\"black\",\"margin-top\":20,\"margin-bottom\":20,\"hover-color\":\"palette-3-base\",\"text-transform\":\"uppercase\",\"font-weight\":\"700\"},\"blockquote\":{\"font-style\":\"italic\",\"indent\":20,\"border\":4,\"border-color\":\"palette-1-base\",\"margin-top\":20,\"margin-bottom\":20},\"metadata\":{\"margin-top\":20,\"margin-bottom\":20},\"list\":{\"margin-top\":20,\"margin-bottom\":20},\"orderedlist\":{\"margin-top\":20,\"margin-bottom\":20},\"postContent\":{\"margin-top\":20,\"margin-bottom\":20},\"theme\":{\"gradient\":\"\",\"image\":\"\"},\"htmlBaseSize\":16},\"backToTop\":\"<span style=\\\"height: 64px; width: 64px; margin-left: 0px; margin-right: auto; margin-top: 0px; background-image: none; right: 20px; bottom: 20px\\\" class=\\\"u-back-to-top u-icon u-icon-circle u-opacity u-opacity-85 u-palette-1-base u-spacing-15\\\" data-href=\\\"#\\\">\\n        <svg class=\\\"u-svg-link\\\" preserveAspectRatio=\\\"xMidYMin slice\\\" viewBox=\\\"0 0 551.13 551.13\\\">\\n            <use xmlns:xlink=\\\"http://www.w3.org/1999/xlink\\\" xlink:href=\\\"#svg-1d98\\\"></use>\\n        </svg>\\n        <svg class=\\\"u-svg-content\\\" enable-background=\\\"new 0 0 551.13 551.13\\\" viewBox=\\\"0 0 551.13 551.13\\\" xmlns=\\\"http://www.w3.org/2000/svg\\\" id=\\\"svg-1d98\\\">\\n            <path d=\\\"m275.565 189.451 223.897 223.897h51.668l-275.565-275.565-275.565 275.565h51.668z\\\"></path>\\n        </svg>\\n    </span>\",\"cookiesSection\":\"<section class=\\\"u-align-center u-block-8187-1 u-clearfix u-cookies-consent u-grey-80\\\" custom-posts-hash=\\\"T\\\" style=\\\"background-image: none\\\" data-post-id=\\\"1\\\" data-section-properties=\\\"{&quot;stretch&quot;:true}\\\" data-id=\\\"8187\\\" data-posts-content=\\\"[{'images':[],'maps':[],'videos':[],'icons':[],'textWidth':874,'textHeight':152,'id':1,'headingProp':'h3','textProp':'text'}]\\\" data-style=\\\"cookie-1\\\" id=\\\"sec-7c27\\\" data-source=\\\"\\\">\\n  <div class=\\\"u-block-8187-2 u-clearfix u-sheet u-valign-middle\\\" style=\\\"min-height: 212px\\\" data-state=\\\"{&quot;margin-top&quot;:{&quot;shouldApplyDefaultMargins&quot;:{&quot;XL&quot;:false,&quot;LG&quot;:false,&quot;MD&quot;:false,&quot;SM&quot;:false,&quot;XS&quot;:false},&quot;parentVerticalAlign&quot;:{&quot;XL&quot;:&quot;middle&quot;,&quot;LG&quot;:&quot;middle&quot;,&quot;MD&quot;:&quot;middle&quot;,&quot;SM&quot;:&quot;middle&quot;,&quot;XS&quot;:&quot;middle&quot;}},&quot;margin-bottom&quot;:{&quot;shouldApplyDefaultMargins&quot;:{&quot;XL&quot;:false,&quot;LG&quot;:false,&quot;MD&quot;:false,&quot;SM&quot;:false,&quot;XS&quot;:false},&quot;parentVerticalAlign&quot;:{&quot;XL&quot;:&quot;middle&quot;,&quot;LG&quot;:&quot;middle&quot;,&quot;MD&quot;:&quot;middle&quot;,&quot;SM&quot;:&quot;middle&quot;,&quot;XS&quot;:&quot;middle&quot;}}}\\\" data-height-lg=\\\"158\\\" data-height-md=\\\"131\\\" data-height-sm=\\\"106\\\" data-height-xs=\\\"225\\\">\\n    <div class=\\\"u-block-8187-7 u-clearfix u-expanded-width u-layout-wrap\\\" style=\\\"margin-top: 30px; margin-bottom: 30px\\\" data-state=\\\"{&quot;margin-top&quot;:{&quot;shouldApplyDefaultMargins&quot;:{&quot;XL&quot;:false,&quot;LG&quot;:false,&quot;MD&quot;:false,&quot;SM&quot;:false,&quot;XS&quot;:false},&quot;parentVerticalAlign&quot;:{&quot;XL&quot;:&quot;middle&quot;,&quot;LG&quot;:&quot;middle&quot;,&quot;MD&quot;:&quot;middle&quot;,&quot;SM&quot;:&quot;middle&quot;,&quot;XS&quot;:&quot;middle&quot;}},&quot;margin-bottom&quot;:{&quot;shouldApplyDefaultMargins&quot;:{&quot;XL&quot;:false,&quot;LG&quot;:false,&quot;MD&quot;:false,&quot;SM&quot;:false,&quot;XS&quot;:false},&quot;parentVerticalAlign&quot;:{&quot;XL&quot;:&quot;middle&quot;,&quot;LG&quot;:&quot;middle&quot;,&quot;MD&quot;:&quot;middle&quot;,&quot;SM&quot;:&quot;middle&quot;,&quot;XS&quot;:&quot;middle&quot;}}}\\\">\\n      <div class=\\\"u-gutter-0 u-layout\\\">\\n        <div class=\\\"u-layout-row\\\">\\n          <div class=\\\"u-block-8187-8 u-container-style u-layout-cell u-left-cell u-size-43-md u-size-43-sm u-size-43-xs u-size-46-lg u-size-46-xl\\\" style=\\\"min-height: 152px\\\" data-state=\\\"{&quot;min-height&quot;:{&quot;expandedParent&quot;:{&quot;XL&quot;:true,&quot;LG&quot;:true,&quot;MD&quot;:true,&quot;SM&quot;:true,&quot;XS&quot;:true},&quot;cellMultiplier&quot;:{&quot;XL&quot;:1,&quot;LG&quot;:1,&quot;MD&quot;:0.9347826086956521,&quot;SM&quot;:1.3953488372093024,&quot;XS&quot;:1},&quot;canCollapse&quot;:{&quot;XL&quot;:false,&quot;LG&quot;:false,&quot;MD&quot;:true,&quot;SM&quot;:true,&quot;XS&quot;:true}}}\\\">\\n            <div class=\\\"u-block-8187-9 u-container-layout u-valign-middle\\\" style=\\\"padding-top: 30px; padding-bottom: 30px; padding-left: 60px; padding-right: 60px\\\" data-state=\\\"{&quot;min-height&quot;:{&quot;canCollapse&quot;:{&quot;XL&quot;:false,&quot;LG&quot;:false,&quot;MD&quot;:false,&quot;SM&quot;:false,&quot;XS&quot;:false}}}\\\">\\n              <h3 class=\\\"u-block-8187-6 u-text u-text-default\\\" style=\\\"margin-top: 0px; margin-right: 20px; margin-bottom: 0px;\\\">Cookies &amp; Privacy</h3>\\n              <p class=\\\"u-block-8187-5 u-text u-text-default\\\" style=\\\"margin: 8px 20px 0px 0px;\\\">This website uses cookies to ensure you get the best experience on our website.</p>\\n            </div>\\n          </div>\\n          <div class=\\\"u-align-left u-block-8187-10 u-container-style u-layout-cell u-right-cell u-size-14-lg u-size-14-xl u-size-17-md u-size-17-sm u-size-17-xs\\\" style=\\\"min-height: 152px\\\" data-state=\\\"{&quot;min-height&quot;:{&quot;expandedParent&quot;:{&quot;XL&quot;:true,&quot;LG&quot;:true,&quot;MD&quot;:true,&quot;SM&quot;:true,&quot;XS&quot;:true},&quot;cellMultiplier&quot;:{&quot;XL&quot;:1,&quot;LG&quot;:1,&quot;MD&quot;:1.2142857142857142,&quot;SM&quot;:3.5294117647058822,&quot;XS&quot;:1},&quot;canCollapse&quot;:{&quot;XL&quot;:false,&quot;LG&quot;:false,&quot;MD&quot;:true,&quot;SM&quot;:true,&quot;XS&quot;:true}}}\\\">\\n            <div class=\\\"u-block-8187-11 u-container-layout u-valign-middle-lg u-valign-middle-md u-valign-middle-xl u-valign-top-sm u-valign-top-xs\\\" style=\\\"padding-top: 30px; padding-bottom: 30px; padding-left: 30px; padding-right: 30px\\\" data-state=\\\"{&quot;min-height&quot;:{&quot;canCollapse&quot;:{&quot;XL&quot;:false,&quot;LG&quot;:false,&quot;MD&quot;:false,&quot;SM&quot;:false,&quot;XS&quot;:false}}}\\\">\\n              <a href=\\\"###\\\" class=\\\"u-block-8187-3 u-btn u-button-confirm u-button-style u-palette-1-base\\\" style=\\\"margin-top: 0px; margin-right: auto; margin-bottom: 0px; margin-left: 0px\\\">Confirm</a>\\n            </div>\\n          </div>\\n        </div>\\n      </div>\\n    </div>\\n  </div>\\n  <style data-mode=\\\"XL\\\">@media (max-width: 0px) { .u-block-8187-1 {background-image: none}\\n.u-block-8187-2 {min-height: 212px}\\n.u-block-8187-7 {margin-top: 30px; margin-bottom: 30px}\\n.u-block-8187-8 {min-height: 152px}\\n.u-block-8187-9 {padding-top: 30px; padding-bottom: 30px; padding-left: 60px; padding-right: 60px}\\n.u-block-8187-6 {margin-top: 0px; margin-right: 20px; margin-bottom: 0px}\\n.u-block-8187-5 {margin-top: 8px; margin-right: 20px; margin-bottom: 0px; margin-left: 0px}\\n.u-block-8187-10 {min-height: 152px}\\n.u-block-8187-11 {padding-top: 30px; padding-bottom: 30px; padding-left: 30px; padding-right: 30px}\\n.u-block-8187-3 {margin-top: 0px; margin-right: auto; margin-bottom: 0px; margin-left: 0px} }</style>\\n  <style data-mode=\\\"LG\\\">@media (max-width: 0px) { .u-block-8187-1 {background-image: none}\\n.u-block-8187-2 {min-height: 131px}\\n.u-block-8187-7 {margin-top: 30px; margin-bottom: 30px}\\n.u-block-8187-8 {min-height: 125px}\\n.u-block-8187-9 {padding-top: 30px; padding-bottom: 30px; padding-left: 60px; padding-right: 60px}\\n.u-block-8187-6 {margin-top: 0px; margin-right: 0px; margin-bottom: 0px}\\n.u-block-8187-5 {margin-top: 8px; margin-right: 0px; margin-bottom: 0px; margin-left: 0px}\\n.u-block-8187-10 {min-height: 125px}\\n.u-block-8187-11 {padding-top: 30px; padding-bottom: 30px; padding-left: 30px; padding-right: 30px}\\n.u-block-8187-3 {margin-top: 0px; margin-right: auto; margin-bottom: 0px; margin-left: 0px} }</style>\\n  <style data-mode=\\\"MD\\\" data-visited=\\\"true\\\">@media (max-width: 0px) { .u-block-8187-1 {background-image: none}\\n.u-block-8187-2 {min-height: 106px}\\n.u-block-8187-7 {margin-top: 30px; margin-bottom: 30px}\\n.u-block-8187-8 {min-height: 100px}\\n.u-block-8187-9 {padding-top: 30px; padding-bottom: 30px; padding-left: 30px; padding-right: 30px}\\n.u-block-8187-6 {margin-top: 0px; margin-right: 0px; margin-bottom: 0px}\\n.u-block-8187-5 {margin-top: 8px; margin-right: 0px; margin-bottom: 0px; margin-left: 0px}\\n.u-block-8187-10 {min-height: 100px}\\n.u-block-8187-11 {padding-top: 30px; padding-bottom: 30px; padding-left: 30px; padding-right: 30px}\\n.u-block-8187-3 {margin-top: 0px; margin-right: auto; margin-bottom: 0px; margin-left: 0px} }</style>\\n  <style data-mode=\\\"SM\\\" data-visited=\\\"true\\\">@media (max-width: 0px) { .u-block-8187-1 {background-image: none}\\n.u-block-8187-2 {min-height: 225px}\\n.u-block-8187-7 {margin-top: 30px; margin-bottom: 30px}\\n.u-block-8187-8 {min-height: 154px}\\n.u-block-8187-9 {padding-top: 30px; padding-left: 10px; padding-right: 10px; padding-bottom: 20px}\\n.u-block-8187-6 {margin-top: 0px; margin-right: 0px; margin-bottom: 0px}\\n.u-block-8187-5 {margin-top: 8px; margin-right: 0px; margin-bottom: 0px; margin-left: 0px}\\n.u-block-8187-10 {min-height: 65px}\\n.u-block-8187-11 {padding-top: 10px; padding-bottom: 10px; padding-left: 10px; padding-right: 10px}\\n.u-block-8187-3 {margin-top: 0px; margin-right: auto; margin-bottom: 0px; margin-left: 0px} }</style>\\n  <style data-mode=\\\"XS\\\" data-visited=\\\"true\\\">@media (max-width: 0px) { .u-block-8187-1 {background-image: none}\\n.u-block-8187-2 {min-height: 121px}\\n.u-block-8187-7 {margin-top: 30px; margin-bottom: 30px}\\n.u-block-8187-8 {min-height: 100px}\\n.u-block-8187-9 {padding-top: 30px; padding-bottom: 20px; padding-left: 10px; padding-right: 10px}\\n.u-block-8187-6 {margin-top: 0px; margin-right: 0px; margin-bottom: 0px}\\n.u-block-8187-5 {margin-top: 8px; margin-right: 0px; margin-bottom: 0px; margin-left: 0px}\\n.u-block-8187-10 {min-height: 15px}\\n.u-block-8187-11 {padding-top: 10px; padding-bottom: 10px; padding-left: 10px; padding-right: 10px}\\n.u-block-8187-3 {margin-top: 0px; margin-right: auto; margin-bottom: 0px; margin-left: 0px} }</style>\\n</section>\",\"themeBackLinks\":\"\"}","dialog":null,"title":"WebSite171458","siteStyleCss":"<style id=\"color-scheme\" color-scheme=\"u11\" color-style=\"monochrome-1\">.u-body {\n--none: transparent;\n--none-r: 255;\n--none-g: 255;\n--none-b: 255;\n--none-contrast: body-color;\n--none-darker: transparent;\n--none-contrast-darker: body-color;\n--none-text-color: var(--body-color);\n--body-color: #111111;\n--body-color-r: 17;\n--body-color-g: 17;\n--body-color-b: 17;\n--body-color-contrast: white;\n--body-color-darker: #0f0f0f;\n--body-color-contrast-darker: white;\n--body-color-text-color: var(--body-alt-color);\n--body-alt-color: #ffffff;\n--body-alt-color-r: 255;\n--body-alt-color-g: 255;\n--body-alt-color-b: 255;\n--body-alt-color-contrast: black;\n--body-alt-color-darker: #e6e6e6;\n--body-alt-color-contrast-darker: black;\n--body-alt-color-text-color: var(--body-color);\n--bg-color: #ffffff;\n--bg-color-r: 255;\n--bg-color-g: 255;\n--bg-color-b: 255;\n--bg-color-contrast: black;\n--bg-color-darker: #e6e6e6;\n--bg-color-contrast-darker: black;\n--bg-color-text-color: var(--body-color);\n--palette-1-base: #233365;\n--palette-1-base-r: 35;\n--palette-1-base-g: 51;\n--palette-1-base-b: 101;\n--palette-1-base-contrast: white;\n--palette-1-base-darker: #202e5b;\n--palette-1-base-contrast-darker: white;\n--palette-1-base-text-color: var(--body-alt-color);\n--palette-1-dark-3: #292b33;\n--palette-1-dark-3-r: 41;\n--palette-1-dark-3-g: 43;\n--palette-1-dark-3-b: 51;\n--palette-1-dark-3-contrast: white;\n--palette-1-dark-3-darker: #25272e;\n--palette-1-dark-3-contrast-darker: white;\n--palette-1-dark-3-text-color: var(--body-alt-color);\n--palette-1-dark-2: #2c334c;\n--palette-1-dark-2-r: 44;\n--palette-1-dark-2-g: 51;\n--palette-1-dark-2-b: 76;\n--palette-1-dark-2-contrast: white;\n--palette-1-dark-2-darker: #282e44;\n--palette-1-dark-2-contrast-darker: white;\n--palette-1-dark-2-text-color: var(--body-alt-color);\n--palette-1-dark-1: #233365;\n--palette-1-dark-1-r: 35;\n--palette-1-dark-1-g: 51;\n--palette-1-dark-1-b: 101;\n--palette-1-dark-1-contrast: white;\n--palette-1-dark-1-darker: #202e5b;\n--palette-1-dark-1-contrast-darker: white;\n--palette-1-dark-1-text-color: var(--body-alt-color);\n--palette-1: #6982d3;\n--palette-1-r: 105;\n--palette-1-g: 130;\n--palette-1-b: 211;\n--palette-1-contrast: white;\n--palette-1-darker: #516ecc;\n--palette-1-contrast-darker: white;\n--palette-1-text-color: var(--body-alt-color);\n--palette-1-light-1: #91a4e0;\n--palette-1-light-1-r: 145;\n--palette-1-light-1-g: 164;\n--palette-1-light-1-b: 224;\n--palette-1-light-1-contrast: white;\n--palette-1-light-1-darker: #748cd8;\n--palette-1-light-1-contrast-darker: white;\n--palette-1-light-1-text-color: var(--body-alt-color);\n--palette-1-light-2: #bec9ed;\n--palette-1-light-2-r: 190;\n--palette-1-light-2-g: 201;\n--palette-1-light-2-b: 237;\n--palette-1-light-2-contrast: black;\n--palette-1-light-2-darker: #9dade4;\n--palette-1-light-2-contrast-darker: white;\n--palette-1-light-2-text-color: var(--body-color);\n--palette-1-light-3: #eef1fb;\n--palette-1-light-3-r: 238;\n--palette-1-light-3-g: 241;\n--palette-1-light-3-b: 251;\n--palette-1-light-3-contrast: black;\n--palette-1-light-3-darker: #c6d0f2;\n--palette-1-light-3-contrast-darker: black;\n--palette-1-light-3-text-color: var(--body-color);\n--palette-2-base: #db545a;\n--palette-2-base-r: 219;\n--palette-2-base-g: 84;\n--palette-2-base-b: 90;\n--palette-2-base-contrast: white;\n--palette-2-base-darker: #d63b42;\n--palette-2-base-contrast-darker: white;\n--palette-2-base-text-color: var(--body-alt-color);\n--palette-2-dark-3: #332929;\n--palette-2-dark-3-r: 51;\n--palette-2-dark-3-g: 41;\n--palette-2-dark-3-b: 41;\n--palette-2-dark-3-contrast: white;\n--palette-2-dark-3-darker: #2e2525;\n--palette-2-dark-3-contrast-darker: white;\n--palette-2-dark-3-text-color: var(--body-alt-color);\n--palette-2-dark-2: #6b4748;\n--palette-2-dark-2-r: 107;\n--palette-2-dark-2-g: 71;\n--palette-2-dark-2-b: 72;\n--palette-2-dark-2-contrast: white;\n--palette-2-dark-2-darker: #604041;\n--palette-2-dark-2-contrast-darker: white;\n--palette-2-dark-2-text-color: var(--body-alt-color);\n--palette-2-dark-1: #a35559;\n--palette-2-dark-1-r: 163;\n--palette-2-dark-1-g: 85;\n--palette-2-dark-1-b: 89;\n--palette-2-dark-1-contrast: white;\n--palette-2-dark-1-darker: #934c50;\n--palette-2-dark-1-contrast-darker: white;\n--palette-2-dark-1-text-color: var(--body-alt-color);\n--palette-2: #db545a;\n--palette-2-r: 219;\n--palette-2-g: 84;\n--palette-2-b: 90;\n--palette-2-contrast: white;\n--palette-2-darker: #d63b42;\n--palette-2-contrast-darker: white;\n--palette-2-text-color: var(--body-alt-color);\n--palette-2-light-1: #e68387;\n--palette-2-light-1-r: 230;\n--palette-2-light-1-g: 131;\n--palette-2-light-1-b: 135;\n--palette-2-light-1-contrast: white;\n--palette-2-light-1-darker: #e0656a;\n--palette-2-light-1-contrast-darker: white;\n--palette-2-light-1-text-color: var(--body-alt-color);\n--palette-2-light-2: #f1b5b8;\n--palette-2-light-2-r: 241;\n--palette-2-light-2-g: 181;\n--palette-2-light-2-b: 184;\n--palette-2-light-2-contrast: black;\n--palette-2-light-2-darker: #ea9296;\n--palette-2-light-2-contrast-darker: white;\n--palette-2-light-2-text-color: var(--body-color);\n--palette-2-light-3: #fbeced;\n--palette-2-light-3-r: 251;\n--palette-2-light-3-g: 236;\n--palette-2-light-3-b: 237;\n--palette-2-light-3-contrast: black;\n--palette-2-light-3-darker: #f3c4c7;\n--palette-2-light-3-contrast-darker: black;\n--palette-2-light-3-text-color: var(--body-color);\n--palette-3-base: #ffb400;\n--palette-3-base-r: 255;\n--palette-3-base-g: 180;\n--palette-3-base-b: 0;\n--palette-3-base-contrast: black;\n--palette-3-base-darker: #e6a200;\n--palette-3-base-contrast-darker: white;\n--palette-3-base-text-color: var(--body-color);\n--palette-3-dark-3: #333029;\n--palette-3-dark-3-r: 51;\n--palette-3-dark-3-g: 48;\n--palette-3-dark-3-b: 41;\n--palette-3-dark-3-contrast: white;\n--palette-3-dark-3-darker: #2e2b25;\n--palette-3-dark-3-contrast-darker: white;\n--palette-3-dark-3-text-color: var(--body-alt-color);\n--palette-3-dark-2: #77673f;\n--palette-3-dark-2-r: 119;\n--palette-3-dark-2-g: 103;\n--palette-3-dark-2-b: 63;\n--palette-3-dark-2-contrast: white;\n--palette-3-dark-2-darker: #6b5d39;\n--palette-3-dark-2-contrast-darker: white;\n--palette-3-dark-2-text-color: var(--body-alt-color);\n--palette-3-dark-1: #bb9332;\n--palette-3-dark-1-r: 187;\n--palette-3-dark-1-g: 147;\n--palette-3-dark-1-b: 50;\n--palette-3-dark-1-contrast: white;\n--palette-3-dark-1-darker: #a8842d;\n--palette-3-dark-1-contrast-darker: white;\n--palette-3-dark-1-text-color: var(--body-alt-color);\n--palette-3: #ffb400;\n--palette-3-r: 255;\n--palette-3-g: 180;\n--palette-3-b: 0;\n--palette-3-contrast: black;\n--palette-3-darker: #e6a200;\n--palette-3-contrast-darker: white;\n--palette-3-text-color: var(--body-color);\n--palette-3-light-1: #ffcb4d;\n--palette-3-light-1-r: 255;\n--palette-3-light-1-g: 203;\n--palette-3-light-1-b: 77;\n--palette-3-light-1-contrast: black;\n--palette-3-light-1-darker: #ffc12c;\n--palette-3-light-1-contrast-darker: black;\n--palette-3-light-1-text-color: var(--body-color);\n--palette-3-light-2: #ffe199;\n--palette-3-light-2-r: 255;\n--palette-3-light-2-g: 225;\n--palette-3-light-2-b: 153;\n--palette-3-light-2-contrast: black;\n--palette-3-light-2-darker: #ffd570;\n--palette-3-light-2-contrast-darker: black;\n--palette-3-light-2-text-color: var(--body-color);\n--palette-3-light-3: #fff8e6;\n--palette-3-light-3-r: 255;\n--palette-3-light-3-g: 248;\n--palette-3-light-3-b: 230;\n--palette-3-light-3-contrast: black;\n--palette-3-light-3-darker: #ffeab5;\n--palette-3-light-3-contrast-darker: black;\n--palette-3-light-3-text-color: var(--body-color);\n--palette-4-base: #2cccc4;\n--palette-4-base-r: 44;\n--palette-4-base-g: 204;\n--palette-4-base-b: 196;\n--palette-4-base-contrast: white;\n--palette-4-base-darker: #28b8b0;\n--palette-4-base-contrast-darker: white;\n--palette-4-base-text-color: var(--body-alt-color);\n--palette-4-dark-3: #293332;\n--palette-4-dark-3-r: 41;\n--palette-4-dark-3-g: 51;\n--palette-4-dark-3-b: 50;\n--palette-4-dark-3-contrast: white;\n--palette-4-dark-3-darker: #252e2d;\n--palette-4-dark-3-contrast-darker: white;\n--palette-4-dark-3-text-color: var(--body-alt-color);\n--palette-4-dark-2: #41807c;\n--palette-4-dark-2-r: 65;\n--palette-4-dark-2-g: 128;\n--palette-4-dark-2-b: 124;\n--palette-4-dark-2-contrast: white;\n--palette-4-dark-2-darker: #3a7370;\n--palette-4-dark-2-contrast-darker: white;\n--palette-4-dark-2-text-color: var(--body-alt-color);\n--palette-4-dark-1: #2cccc4;\n--palette-4-dark-1-r: 44;\n--palette-4-dark-1-g: 204;\n--palette-4-dark-1-b: 196;\n--palette-4-dark-1-contrast: white;\n--palette-4-dark-1-darker: #28b8b0;\n--palette-4-dark-1-contrast-darker: white;\n--palette-4-dark-1-text-color: var(--body-alt-color);\n--palette-4: #3be8e0;\n--palette-4-r: 59;\n--palette-4-g: 232;\n--palette-4-b: 224;\n--palette-4-contrast: black;\n--palette-4-darker: #21e5dc;\n--palette-4-contrast-darker: black;\n--palette-4-text-color: var(--body-color);\n--palette-4-light-1: #72efe9;\n--palette-4-light-1-r: 114;\n--palette-4-light-1-g: 239;\n--palette-4-light-1-b: 233;\n--palette-4-light-1-contrast: black;\n--palette-4-light-1-darker: #52ebe4;\n--palette-4-light-1-contrast-darker: black;\n--palette-4-light-1-text-color: var(--body-color);\n--palette-4-light-2: #adf6f2;\n--palette-4-light-2-r: 173;\n--palette-4-light-2-g: 246;\n--palette-4-light-2-b: 242;\n--palette-4-light-2-contrast: black;\n--palette-4-light-2-darker: #87f2ec;\n--palette-4-light-2-contrast-darker: black;\n--palette-4-light-2-text-color: var(--body-color);\n--palette-4-light-3: #eafdfc;\n--palette-4-light-3-r: 234;\n--palette-4-light-3-g: 253;\n--palette-4-light-3-b: 252;\n--palette-4-light-3-contrast: black;\n--palette-4-light-3-darker: #bef9f6;\n--palette-4-light-3-contrast-darker: black;\n--palette-4-light-3-text-color: var(--body-color);\n--palette-5-base: #4b535e;\n--palette-5-base-r: 75;\n--palette-5-base-g: 83;\n--palette-5-base-b: 94;\n--palette-5-base-contrast: white;\n--palette-5-base-darker: #444b55;\n--palette-5-base-contrast-darker: white;\n--palette-5-base-text-color: var(--body-alt-color);\n--palette-5-dark-3: #292d33;\n--palette-5-dark-3-r: 41;\n--palette-5-dark-3-g: 45;\n--palette-5-dark-3-b: 51;\n--palette-5-dark-3-contrast: white;\n--palette-5-dark-3-darker: #25292e;\n--palette-5-dark-3-contrast-darker: white;\n--palette-5-dark-3-text-color: var(--body-alt-color);\n--palette-5-dark-2: #4b535e;\n--palette-5-dark-2-r: 75;\n--palette-5-dark-2-g: 83;\n--palette-5-dark-2-b: 94;\n--palette-5-dark-2-contrast: white;\n--palette-5-dark-2-darker: #444b55;\n--palette-5-dark-2-contrast-darker: white;\n--palette-5-dark-2-text-color: var(--body-alt-color);\n--palette-5-dark-1: #727b86;\n--palette-5-dark-1-r: 114;\n--palette-5-dark-1-g: 123;\n--palette-5-dark-1-b: 134;\n--palette-5-dark-1-contrast: white;\n--palette-5-dark-1-darker: #676f79;\n--palette-5-dark-1-contrast-darker: white;\n--palette-5-dark-1-text-color: var(--body-alt-color);\n--palette-5: #9ea5ae;\n--palette-5-r: 158;\n--palette-5-g: 165;\n--palette-5-b: 174;\n--palette-5-contrast: white;\n--palette-5-darker: #8c949f;\n--palette-5-contrast-darker: white;\n--palette-5-text-color: var(--body-alt-color);\n--palette-5-light-1: #b9bfc6;\n--palette-5-light-1-r: 185;\n--palette-5-light-1-g: 191;\n--palette-5-light-1-b: 198;\n--palette-5-light-1-contrast: black;\n--palette-5-light-1-darker: #a4acb5;\n--palette-5-light-1-contrast-darker: white;\n--palette-5-light-1-text-color: var(--body-color);\n--palette-5-light-2: #d6dadf;\n--palette-5-light-2-r: 214;\n--palette-5-light-2-g: 218;\n--palette-5-light-2-b: 223;\n--palette-5-light-2-contrast: black;\n--palette-5-light-2-darker: #bdc4cc;\n--palette-5-light-2-contrast-darker: black;\n--palette-5-light-2-text-color: var(--body-color);\n--palette-5-light-3: #f5f6f7;\n--palette-5-light-3-r: 245;\n--palette-5-light-3-g: 246;\n--palette-5-light-3-b: 247;\n--palette-5-light-3-contrast: black;\n--palette-5-light-3-darker: #dadde1;\n--palette-5-light-3-contrast-darker: black;\n--palette-5-light-3-text-color: var(--body-color);\n--grey-40: #999999;\n--grey-40-r: 153;\n--grey-40-g: 153;\n--grey-40-b: 153;\n--grey-40-contrast: white;\n--grey-40-darker: #8a8a8a;\n--grey-40-contrast-darker: white;\n--grey-40-text-color: var(--body-alt-color);\n--grey-30: #b3b3b3;\n--grey-30-r: 179;\n--grey-30-g: 179;\n--grey-30-b: 179;\n--grey-30-contrast: white;\n--grey-30-darker: #a1a1a1;\n--grey-30-contrast-darker: white;\n--grey-30-text-color: var(--body-alt-color);\n--grey-25: #c0c0c0;\n--grey-25-r: 192;\n--grey-25-g: 192;\n--grey-25-b: 192;\n--grey-25-contrast: black;\n--grey-25-darker: #adadad;\n--grey-25-contrast-darker: white;\n--grey-25-text-color: var(--body-color);\n--white: #ffffff;\n--white-r: 255;\n--white-g: 255;\n--white-b: 255;\n--white-contrast: black;\n--white-darker: #e6e6e6;\n--white-contrast-darker: black;\n--white-text-color: var(--body-color);\n--grey-15: #d9d9d9;\n--grey-15-r: 217;\n--grey-15-g: 217;\n--grey-15-b: 217;\n--grey-15-contrast: black;\n--grey-15-darker: #c3c3c3;\n--grey-15-contrast-darker: black;\n--grey-15-text-color: var(--body-color);\n--grey-10: #e5e5e5;\n--grey-10-r: 229;\n--grey-10-g: 229;\n--grey-10-b: 229;\n--grey-10-contrast: black;\n--grey-10-darker: #cecece;\n--grey-10-contrast-darker: black;\n--grey-10-text-color: var(--body-color);\n--grey-5: #f2f2f2;\n--grey-5-r: 242;\n--grey-5-g: 242;\n--grey-5-b: 242;\n--grey-5-contrast: black;\n--grey-5-darker: #dadada;\n--grey-5-contrast-darker: black;\n--grey-5-text-color: var(--body-color);\n--grey-90: #1a1a1a;\n--grey-90-r: 26;\n--grey-90-g: 26;\n--grey-90-b: 26;\n--grey-90-contrast: white;\n--grey-90-darker: #171717;\n--grey-90-contrast-darker: white;\n--grey-90-text-color: var(--body-alt-color);\n--grey-80: #333333;\n--grey-80-r: 51;\n--grey-80-g: 51;\n--grey-80-b: 51;\n--grey-80-contrast: white;\n--grey-80-darker: #2e2e2e;\n--grey-80-contrast-darker: white;\n--grey-80-text-color: var(--body-alt-color);\n--grey-75: #404040;\n--grey-75-r: 64;\n--grey-75-g: 64;\n--grey-75-b: 64;\n--grey-75-contrast: white;\n--grey-75-darker: #3a3a3a;\n--grey-75-contrast-darker: white;\n--grey-75-text-color: var(--body-alt-color);\n--black: #000000;\n--black-r: 0;\n--black-g: 0;\n--black-b: 0;\n--black-contrast: white;\n--black-darker: #000000;\n--black-contrast-darker: white;\n--black-text-color: var(--body-alt-color);\n--grey-70: #4d4d4d;\n--grey-70-r: 77;\n--grey-70-g: 77;\n--grey-70-b: 77;\n--grey-70-contrast: white;\n--grey-70-darker: #454545;\n--grey-70-contrast-darker: white;\n--grey-70-text-color: var(--body-alt-color);\n--grey-60: #666666;\n--grey-60-r: 102;\n--grey-60-g: 102;\n--grey-60-b: 102;\n--grey-60-contrast: white;\n--grey-60-darker: #5c5c5c;\n--grey-60-contrast-darker: white;\n--grey-60-text-color: var(--body-alt-color);\n--grey-50: #808080;\n--grey-50-r: 128;\n--grey-50-g: 128;\n--grey-50-b: 128;\n--grey-50-contrast: white;\n--grey-50-darker: #737373;\n--grey-50-contrast-darker: white;\n--grey-50-text-color: var(--body-alt-color);\n--grey-dark-3: #212121;\n--grey-dark-3-r: 33;\n--grey-dark-3-g: 33;\n--grey-dark-3-b: 33;\n--grey-dark-3-contrast: white;\n--grey-dark-3-darker: #1e1e1e;\n--grey-dark-3-contrast-darker: white;\n--grey-dark-3-text-color: var(--body-alt-color);\n--grey-dark-2: #333333;\n--grey-dark-2-r: 51;\n--grey-dark-2-g: 51;\n--grey-dark-2-b: 51;\n--grey-dark-2-contrast: white;\n--grey-dark-2-darker: #2e2e2e;\n--grey-dark-2-contrast-darker: white;\n--grey-dark-2-text-color: var(--body-alt-color);\n--grey-dark-1: #454545;\n--grey-dark-1-r: 69;\n--grey-dark-1-g: 69;\n--grey-dark-1-b: 69;\n--grey-dark-1-contrast: white;\n--grey-dark-1-darker: #3e3e3e;\n--grey-dark-1-contrast-darker: white;\n--grey-dark-1-text-color: var(--body-alt-color);\n--grey: #b3b3b3;\n--grey-r: 179;\n--grey-g: 179;\n--grey-b: 179;\n--grey-contrast: white;\n--grey-darker: #a1a1a1;\n--grey-contrast-darker: white;\n--grey-text-color: var(--body-alt-color);\n--grey-light-1: #d9d9d9;\n--grey-light-1-r: 217;\n--grey-light-1-g: 217;\n--grey-light-1-b: 217;\n--grey-light-1-contrast: black;\n--grey-light-1-darker: #c3c3c3;\n--grey-light-1-contrast-darker: black;\n--grey-light-1-text-color: var(--body-color);\n--grey-light-2: #eeeeee;\n--grey-light-2-r: 238;\n--grey-light-2-g: 238;\n--grey-light-2-b: 238;\n--grey-light-2-contrast: black;\n--grey-light-2-darker: #d6d6d6;\n--grey-light-2-contrast-darker: black;\n--grey-light-2-text-color: var(--body-color);\n--grey-light-3: #f6f6f6;\n--grey-light-3-r: 246;\n--grey-light-3-g: 246;\n--grey-light-3-b: 246;\n--grey-light-3-contrast: black;\n--grey-light-3-darker: #dddddd;\n--grey-light-3-contrast-darker: black;\n--grey-light-3-text-color: var(--body-color);\n--color-1-base: #233365;\n--color-1-base-r: 35;\n--color-1-base-g: 51;\n--color-1-base-b: 101;\n--color-1-base-contrast: white;\n--color-1-base-darker: #202e5b;\n--color-1-base-contrast-darker: white;\n--color-1-base-text-color: var(--body-alt-color);\n--color-1-dark-3: #292b33;\n--color-1-dark-3-r: 41;\n--color-1-dark-3-g: 43;\n--color-1-dark-3-b: 51;\n--color-1-dark-3-contrast: white;\n--color-1-dark-3-darker: #25272e;\n--color-1-dark-3-contrast-darker: white;\n--color-1-dark-3-text-color: var(--body-alt-color);\n--color-1-dark-2: #2c334c;\n--color-1-dark-2-r: 44;\n--color-1-dark-2-g: 51;\n--color-1-dark-2-b: 76;\n--color-1-dark-2-contrast: white;\n--color-1-dark-2-darker: #282e44;\n--color-1-dark-2-contrast-darker: white;\n--color-1-dark-2-text-color: var(--body-alt-color);\n--color-1-dark-1: #233365;\n--color-1-dark-1-r: 35;\n--color-1-dark-1-g: 51;\n--color-1-dark-1-b: 101;\n--color-1-dark-1-contrast: white;\n--color-1-dark-1-darker: #202e5b;\n--color-1-dark-1-contrast-darker: white;\n--color-1-dark-1-text-color: var(--body-alt-color);\n--color-1: #6982d3;\n--color-1-r: 105;\n--color-1-g: 130;\n--color-1-b: 211;\n--color-1-contrast: white;\n--color-1-darker: #516ecc;\n--color-1-contrast-darker: white;\n--color-1-text-color: var(--body-alt-color);\n--color-1-light-1: #91a4e0;\n--color-1-light-1-r: 145;\n--color-1-light-1-g: 164;\n--color-1-light-1-b: 224;\n--color-1-light-1-contrast: white;\n--color-1-light-1-darker: #748cd8;\n--color-1-light-1-contrast-darker: white;\n--color-1-light-1-text-color: var(--body-alt-color);\n--color-1-light-2: #bec9ed;\n--color-1-light-2-r: 190;\n--color-1-light-2-g: 201;\n--color-1-light-2-b: 237;\n--color-1-light-2-contrast: black;\n--color-1-light-2-darker: #9dade4;\n--color-1-light-2-contrast-darker: white;\n--color-1-light-2-text-color: var(--body-color);\n--color-1-light-3: #eef1fb;\n--color-1-light-3-r: 238;\n--color-1-light-3-g: 241;\n--color-1-light-3-b: 251;\n--color-1-light-3-contrast: black;\n--color-1-light-3-darker: #c6d0f2;\n--color-1-light-3-contrast-darker: black;\n--color-1-light-3-text-color: var(--body-color);\n--color-2-base: #db545a;\n--color-2-base-r: 219;\n--color-2-base-g: 84;\n--color-2-base-b: 90;\n--color-2-base-contrast: white;\n--color-2-base-darker: #d63b42;\n--color-2-base-contrast-darker: white;\n--color-2-base-text-color: var(--body-alt-color);\n--color-2-dark-3: #332929;\n--color-2-dark-3-r: 51;\n--color-2-dark-3-g: 41;\n--color-2-dark-3-b: 41;\n--color-2-dark-3-contrast: white;\n--color-2-dark-3-darker: #2e2525;\n--color-2-dark-3-contrast-darker: white;\n--color-2-dark-3-text-color: var(--body-alt-color);\n--color-2-dark-2: #6b4748;\n--color-2-dark-2-r: 107;\n--color-2-dark-2-g: 71;\n--color-2-dark-2-b: 72;\n--color-2-dark-2-contrast: white;\n--color-2-dark-2-darker: #604041;\n--color-2-dark-2-contrast-darker: white;\n--color-2-dark-2-text-color: var(--body-alt-color);\n--color-2-dark-1: #a35559;\n--color-2-dark-1-r: 163;\n--color-2-dark-1-g: 85;\n--color-2-dark-1-b: 89;\n--color-2-dark-1-contrast: white;\n--color-2-dark-1-darker: #934c50;\n--color-2-dark-1-contrast-darker: white;\n--color-2-dark-1-text-color: var(--body-alt-color);\n--color-2: #db545a;\n--color-2-r: 219;\n--color-2-g: 84;\n--color-2-b: 90;\n--color-2-contrast: white;\n--color-2-darker: #d63b42;\n--color-2-contrast-darker: white;\n--color-2-text-color: var(--body-alt-color);\n--color-2-light-1: #e68387;\n--color-2-light-1-r: 230;\n--color-2-light-1-g: 131;\n--color-2-light-1-b: 135;\n--color-2-light-1-contrast: white;\n--color-2-light-1-darker: #e0656a;\n--color-2-light-1-contrast-darker: white;\n--color-2-light-1-text-color: var(--body-alt-color);\n--color-2-light-2: #f1b5b8;\n--color-2-light-2-r: 241;\n--color-2-light-2-g: 181;\n--color-2-light-2-b: 184;\n--color-2-light-2-contrast: black;\n--color-2-light-2-darker: #ea9296;\n--color-2-light-2-contrast-darker: white;\n--color-2-light-2-text-color: var(--body-color);\n--color-2-light-3: #fbeced;\n--color-2-light-3-r: 251;\n--color-2-light-3-g: 236;\n--color-2-light-3-b: 237;\n--color-2-light-3-contrast: black;\n--color-2-light-3-darker: #f3c4c7;\n--color-2-light-3-contrast-darker: black;\n--color-2-light-3-text-color: var(--body-color);\n--color-3-base: #ffb400;\n--color-3-base-r: 255;\n--color-3-base-g: 180;\n--color-3-base-b: 0;\n--color-3-base-contrast: black;\n--color-3-base-darker: #e6a200;\n--color-3-base-contrast-darker: white;\n--color-3-base-text-color: var(--body-color);\n--color-3-dark-3: #333029;\n--color-3-dark-3-r: 51;\n--color-3-dark-3-g: 48;\n--color-3-dark-3-b: 41;\n--color-3-dark-3-contrast: white;\n--color-3-dark-3-darker: #2e2b25;\n--color-3-dark-3-contrast-darker: white;\n--color-3-dark-3-text-color: var(--body-alt-color);\n--color-3-dark-2: #77673f;\n--color-3-dark-2-r: 119;\n--color-3-dark-2-g: 103;\n--color-3-dark-2-b: 63;\n--color-3-dark-2-contrast: white;\n--color-3-dark-2-darker: #6b5d39;\n--color-3-dark-2-contrast-darker: white;\n--color-3-dark-2-text-color: var(--body-alt-color);\n--color-3-dark-1: #bb9332;\n--color-3-dark-1-r: 187;\n--color-3-dark-1-g: 147;\n--color-3-dark-1-b: 50;\n--color-3-dark-1-contrast: white;\n--color-3-dark-1-darker: #a8842d;\n--color-3-dark-1-contrast-darker: white;\n--color-3-dark-1-text-color: var(--body-alt-color);\n--color-3: #ffb400;\n--color-3-r: 255;\n--color-3-g: 180;\n--color-3-b: 0;\n--color-3-contrast: black;\n--color-3-darker: #e6a200;\n--color-3-contrast-darker: white;\n--color-3-text-color: var(--body-color);\n--color-3-light-1: #ffcb4d;\n--color-3-light-1-r: 255;\n--color-3-light-1-g: 203;\n--color-3-light-1-b: 77;\n--color-3-light-1-contrast: black;\n--color-3-light-1-darker: #ffc12c;\n--color-3-light-1-contrast-darker: black;\n--color-3-light-1-text-color: var(--body-color);\n--color-3-light-2: #ffe199;\n--color-3-light-2-r: 255;\n--color-3-light-2-g: 225;\n--color-3-light-2-b: 153;\n--color-3-light-2-contrast: black;\n--color-3-light-2-darker: #ffd570;\n--color-3-light-2-contrast-darker: black;\n--color-3-light-2-text-color: var(--body-color);\n--color-3-light-3: #fff8e6;\n--color-3-light-3-r: 255;\n--color-3-light-3-g: 248;\n--color-3-light-3-b: 230;\n--color-3-light-3-contrast: black;\n--color-3-light-3-darker: #ffeab5;\n--color-3-light-3-contrast-darker: black;\n--color-3-light-3-text-color: var(--body-color);\n--color-4-base: #2cccc4;\n--color-4-base-r: 44;\n--color-4-base-g: 204;\n--color-4-base-b: 196;\n--color-4-base-contrast: white;\n--color-4-base-darker: #28b8b0;\n--color-4-base-contrast-darker: white;\n--color-4-base-text-color: var(--body-alt-color);\n--color-4-dark-3: #293332;\n--color-4-dark-3-r: 41;\n--color-4-dark-3-g: 51;\n--color-4-dark-3-b: 50;\n--color-4-dark-3-contrast: white;\n--color-4-dark-3-darker: #252e2d;\n--color-4-dark-3-contrast-darker: white;\n--color-4-dark-3-text-color: var(--body-alt-color);\n--color-4-dark-2: #41807c;\n--color-4-dark-2-r: 65;\n--color-4-dark-2-g: 128;\n--color-4-dark-2-b: 124;\n--color-4-dark-2-contrast: white;\n--color-4-dark-2-darker: #3a7370;\n--color-4-dark-2-contrast-darker: white;\n--color-4-dark-2-text-color: var(--body-alt-color);\n--color-4-dark-1: #2cccc4;\n--color-4-dark-1-r: 44;\n--color-4-dark-1-g: 204;\n--color-4-dark-1-b: 196;\n--color-4-dark-1-contrast: white;\n--color-4-dark-1-darker: #28b8b0;\n--color-4-dark-1-contrast-darker: white;\n--color-4-dark-1-text-color: var(--body-alt-color);\n--color-4: #3be8e0;\n--color-4-r: 59;\n--color-4-g: 232;\n--color-4-b: 224;\n--color-4-contrast: black;\n--color-4-darker: #21e5dc;\n--color-4-contrast-darker: black;\n--color-4-text-color: var(--body-color);\n--color-4-light-1: #72efe9;\n--color-4-light-1-r: 114;\n--color-4-light-1-g: 239;\n--color-4-light-1-b: 233;\n--color-4-light-1-contrast: black;\n--color-4-light-1-darker: #52ebe4;\n--color-4-light-1-contrast-darker: black;\n--color-4-light-1-text-color: var(--body-color);\n--color-4-light-2: #adf6f2;\n--color-4-light-2-r: 173;\n--color-4-light-2-g: 246;\n--color-4-light-2-b: 242;\n--color-4-light-2-contrast: black;\n--color-4-light-2-darker: #87f2ec;\n--color-4-light-2-contrast-darker: black;\n--color-4-light-2-text-color: var(--body-color);\n--color-4-light-3: #eafdfc;\n--color-4-light-3-r: 234;\n--color-4-light-3-g: 253;\n--color-4-light-3-b: 252;\n--color-4-light-3-contrast: black;\n--color-4-light-3-darker: #bef9f6;\n--color-4-light-3-contrast-darker: black;\n--color-4-light-3-text-color: var(--body-color);\n--color-5-base: #4b535e;\n--color-5-base-r: 75;\n--color-5-base-g: 83;\n--color-5-base-b: 94;\n--color-5-base-contrast: white;\n--color-5-base-darker: #444b55;\n--color-5-base-contrast-darker: white;\n--color-5-base-text-color: var(--body-alt-color);\n--color-5-dark-3: #292d33;\n--color-5-dark-3-r: 41;\n--color-5-dark-3-g: 45;\n--color-5-dark-3-b: 51;\n--color-5-dark-3-contrast: white;\n--color-5-dark-3-darker: #25292e;\n--color-5-dark-3-contrast-darker: white;\n--color-5-dark-3-text-color: var(--body-alt-color);\n--color-5-dark-2: #4b535e;\n--color-5-dark-2-r: 75;\n--color-5-dark-2-g: 83;\n--color-5-dark-2-b: 94;\n--color-5-dark-2-contrast: white;\n--color-5-dark-2-darker: #444b55;\n--color-5-dark-2-contrast-darker: white;\n--color-5-dark-2-text-color: var(--body-alt-color);\n--color-5-dark-1: #727b86;\n--color-5-dark-1-r: 114;\n--color-5-dark-1-g: 123;\n--color-5-dark-1-b: 134;\n--color-5-dark-1-contrast: white;\n--color-5-dark-1-darker: #676f79;\n--color-5-dark-1-contrast-darker: white;\n--color-5-dark-1-text-color: var(--body-alt-color);\n--color-5: #9ea5ae;\n--color-5-r: 158;\n--color-5-g: 165;\n--color-5-b: 174;\n--color-5-contrast: white;\n--color-5-darker: #8c949f;\n--color-5-contrast-darker: white;\n--color-5-text-color: var(--body-alt-color);\n--color-5-light-1: #b9bfc6;\n--color-5-light-1-r: 185;\n--color-5-light-1-g: 191;\n--color-5-light-1-b: 198;\n--color-5-light-1-contrast: black;\n--color-5-light-1-darker: #a4acb5;\n--color-5-light-1-contrast-darker: white;\n--color-5-light-1-text-color: var(--body-color);\n--color-5-light-2: #d6dadf;\n--color-5-light-2-r: 214;\n--color-5-light-2-g: 218;\n--color-5-light-2-b: 223;\n--color-5-light-2-contrast: black;\n--color-5-light-2-darker: #bdc4cc;\n--color-5-light-2-contrast-darker: black;\n--color-5-light-2-text-color: var(--body-color);\n--color-5-light-3: #f5f6f7;\n--color-5-light-3-r: 245;\n--color-5-light-3-g: 246;\n--color-5-light-3-b: 247;\n--color-5-light-3-contrast: black;\n--color-5-light-3-darker: #dadde1;\n--color-5-light-3-contrast-darker: black;\n--color-5-light-3-text-color: var(--body-color);\n--white-contrast: var(--body-color);\n--shading-contrast: var(--body-alt-color);\n--bg-contrast: var(--body-color);\n}</style><style id=\"typography\" typography=\"custom-page-typography-22\">\n    .u-body\n    {\n        --title-font-weight: 400;\n        --title-font-size: 4.5rem;\n        --title-line-height: 1.1;\n        --title-margin-top: 20px;\n        --title-margin-bottom: 20px;\n        --subtitle-font-weight: 400;\n        --subtitle-font-size: 2.25rem;\n        --subtitle-line-height: 1.1;\n        --subtitle-margin-top: 20px;\n        --subtitle-margin-bottom: 20px;\n        --h1-font-weight: 400;\n        --h1-font-size: 3rem;\n        --h1-line-height: 1.1;\n        --h1-margin-top: 20px;\n        --h1-margin-bottom: 20px;\n        --h2-font-weight: 400;\n        --h2-font-size: 2.25rem;\n        --h2-line-height: 1.1;\n        --h2-margin-top: 20px;\n        --h2-margin-bottom: 20px;\n        --h3-font-weight: 400;\n        --h3-font-size: 1.875rem;\n        --h3-line-height: 1.2;\n        --h3-margin-top: 20px;\n        --h3-margin-bottom: 20px;\n        --h4-font-weight: 400;\n        --h4-font-size: 1.5rem;\n        --h4-line-height: 1.2;\n        --h4-margin-top: 20px;\n        --h4-margin-bottom: 20px;\n        --h5-font-weight: 400;\n        --h5-font-size: 1.25rem;\n        --h5-line-height: 1.2;\n        --h5-margin-top: 20px;\n        --h5-margin-bottom: 20px;\n        --h6-font-weight: 400;\n        --h6-font-size: 1.125rem;\n        --h6-line-height: 1.2;\n        --h6-margin-top: 20px;\n        --h6-margin-bottom: 20px;\n        --largeText-font-size: 1.25rem;\n        --largeText-margin-top: 20px;\n        --largeText-margin-bottom: 20px;\n        --smallText-font-size: 0.875rem;\n        --smallText-margin-top: 20px;\n        --smallText-margin-bottom: 20px;\n        --text-margin-top: 20px;\n        --text-margin-bottom: 20px;\n        --hyperlink-color: var(--palette-1-base);\n        --hyperlink-alt-text-color: var(--palette-1-light-2);\n        --hyperlink-hover-color: var(--palette-1-base-darker);\n        --hyperlink-hover-alt-text-color: var(--grey-30-darker);\n        --button-margin-top: 20px;\n        --button-margin-bottom: 20px;\n        --button-text-transform: uppercase;\n        --button-font-weight: 700;\n        --button-background-color: var(--black);\n        --button-color: var(--white);\n        --button-alt-background-color: var(--white);\n        --button-alt-color: var(--black);\n        --button-hover-background-color: var(--palette-3-base);\n        --button-hover-color: var(--black);\n        --button-hover-alt-background-color: var(--palette-3-dark-2);\n        --button-hover-alt-color: var(--white);\n        --button-hover-background-color: var(--palette-3-base);\n        --button-hover-color: var(--black);\n        --button-hover-alt-background-color: var(--palette-3-dark-2);\n        --button-hover-alt-color: var(--white);\n        --button-active-background-color: var(--black-darker);\n        --button-active-color: var(--white-darker);\n        --button-active-alt-background-color: var(--white-darker);\n        --button-active-alt-color: var(--white);\n        --blockquote-font-style: italic;\n        --blockquote-padding-left: 20px;\n        --blockquote-border-width: 4px;\n        --blockquote-border-color: var(--palette-1-base);\n        --blockquote-margin-top: 20px;\n        --blockquote-margin-bottom: 20px;\n        --metadata-margin-top: 20px;\n        --metadata-margin-bottom: 20px;\n        --list-margin-top: 20px;\n        --list-margin-bottom: 20px;\n        --orderedlist-margin-top: 20px;\n        --orderedlist-margin-bottom: 20px;\n        --postContent-margin-top: 20px;\n        --postContent-margin-bottom: 20px;\n        --title-font-size-sm: 3.75rem;\n        --title-font-size-xs: 3rem;\n        --subtitle-font-size-xs: 1.5rem;\n        --h1-font-size-xs: 2.25rem;\n        --h2-font-size-xs: 1.5rem;\n        --h3-font-size-xs: 1.5rem;\n    }\n\n    /** common-rules **/\n    h1.u-title\n    {\n        font-weight: var(--title-font-weight);\n        font-size: var(--title-font-size);\n        line-height: var(--title-line-height);\n        margin-top: var(--title-margin-top);\n        margin-bottom: var(--title-margin-bottom);\n    }\n    h2.u-subtitle\n    {\n        font-weight: var(--subtitle-font-weight);\n        font-size: var(--subtitle-font-size);\n        line-height: var(--subtitle-line-height);\n        margin-top: var(--subtitle-margin-top);\n        margin-bottom: var(--subtitle-margin-bottom);\n    }\n    h1:not(.u-title)\n    {\n        font-weight: var(--h1-font-weight);\n        font-size: var(--h1-font-size);\n        line-height: var(--h1-line-height);\n        margin-top: var(--h1-margin-top);\n        margin-bottom: var(--h1-margin-bottom);\n    }\n    h2:not(.u-subtitle)\n    {\n        font-weight: var(--h2-font-weight);\n        font-size: var(--h2-font-size);\n        line-height: var(--h2-line-height);\n        margin-top: var(--h2-margin-top);\n        margin-bottom: var(--h2-margin-bottom);\n    }\n    h3\n    {\n        font-weight: var(--h3-font-weight);\n        font-size: var(--h3-font-size);\n        line-height: var(--h3-line-height);\n        margin-top: var(--h3-margin-top);\n        margin-bottom: var(--h3-margin-bottom);\n    }\n    h4\n    {\n        font-weight: var(--h4-font-weight);\n        font-size: var(--h4-font-size);\n        line-height: var(--h4-line-height);\n        margin-top: var(--h4-margin-top);\n        margin-bottom: var(--h4-margin-bottom);\n    }\n    h5\n    {\n        font-weight: var(--h5-font-weight);\n        font-size: var(--h5-font-size);\n        line-height: var(--h5-line-height);\n        margin-top: var(--h5-margin-top);\n        margin-bottom: var(--h5-margin-bottom);\n    }\n    h6\n    {\n        font-weight: var(--h6-font-weight);\n        font-size: var(--h6-font-size);\n        line-height: var(--h6-line-height);\n        margin-top: var(--h6-margin-top);\n        margin-bottom: var(--h6-margin-bottom);\n    }\n    p.u-large-text\n    {\n        font-size: var(--largeText-font-size);\n        margin-top: var(--largeText-margin-top);\n        margin-bottom: var(--largeText-margin-bottom);\n    }\n    p.u-small-text\n    {\n        font-size: var(--smallText-font-size);\n        margin-top: var(--smallText-margin-top);\n        margin-bottom: var(--smallText-margin-bottom);\n    }\n    p:not(.u-text-variant)\n    {\n        margin-top: var(--text-margin-top);\n        margin-bottom: var(--text-margin-bottom);\n    }\n    .u-btn\n    {\n        margin-top: var(--button-margin-top);\n        margin-bottom: var(--button-margin-bottom);\n        text-transform: var(--button-text-transform);\n        font-weight: var(--button-font-weight);\n    }\n    blockquote\n    {\n        font-style: var(--blockquote-font-style);\n        padding-left: var(--blockquote-padding-left);\n        border-width: var(--blockquote-border-width);\n        margin-top: var(--blockquote-margin-top);\n        margin-bottom: var(--blockquote-margin-bottom);\n    }\n    .u-metadata\n    {\n        margin-top: var(--metadata-margin-top);\n        margin-bottom: var(--metadata-margin-bottom);\n    }\n    ul:not(.u-unstyled)\n    {\n        margin-top: var(--list-margin-top);\n        margin-bottom: var(--list-margin-bottom);\n    }\n    ol\n    {\n        margin-top: var(--orderedlist-margin-top);\n        margin-bottom: var(--orderedlist-margin-bottom);\n    }\n    .u-post-content\n    {\n        margin-top: var(--postContent-margin-top);\n        margin-bottom: var(--postContent-margin-bottom);\n    }\n    /** common-rules **/\n\n    /** publish-rules **/\n    /*begin-media rules*/\n    @media (max-width: 767px) {\n        h1.u-title\n        {\n            font-size: var(--title-font-size-sm);\n        }\n    }\n    @media (max-width: 575px) {\n        h1.u-title\n        {\n            font-size: var(--title-font-size-xs);\n        }\n    }\n    @media (max-width: 575px) {\n        h2.u-subtitle\n        {\n            font-size: var(--subtitle-font-size-xs);\n        }\n    }\n    @media (max-width: 575px) {\n        h1:not(.u-title)\n        {\n            font-size: var(--h1-font-size-xs);\n        }\n    }\n    @media (max-width: 575px) {\n        h2:not(.u-subtitle)\n        {\n            font-size: var(--h2-font-size-xs);\n        }\n    }\n    @media (max-width: 575px) {\n        h3\n        {\n            font-size: var(--h3-font-size-xs);\n        }\n    }\n    /*end-media rules*/\n    /** publish-rules **/\n\n    \n\n    /** cms-rules **/\n    /*begin-responsive rules*/\n    .u-sm h1.u-title\n    {\n        font-size: var(--title-font-size-sm);\n    }\n    .u-xs h1.u-title\n    {\n        font-size: var(--title-font-size-xs);\n    }\n    .u-xs h2.u-subtitle\n    {\n        font-size: var(--subtitle-font-size-xs);\n    }\n    .u-xs h1:not(.u-title)\n    {\n        font-size: var(--h1-font-size-xs);\n    }\n    .u-xs h2:not(.u-subtitle)\n    {\n        font-size: var(--h2-font-size-xs);\n    }\n    .u-xs h3\n    {\n        font-size: var(--h3-font-size-xs);\n    }\n    /*end-responsive rules*/\n    /** cms-rules **/\n\n    /** color-rules **/\n    .u-overlap.u-overlap-transparent:not(.u-overlap-contrast) .u-header :not(.u-nav-item) > a,\n    .u-gradient > .u-container-layout > a,\n    .u-image:not(.u-shading) > .u-container-layout > a,\n    a\n    {\n        color: var(--hyperlink-color);\n    }\n    .u-overlap.u-overlap-transparent:not(.u-overlap-contrast) .u-header :not(.u-nav-item) > a:hover,\n    .u-gradient > .u-container-layout > a:hover,\n    .u-image:not(.u-shading) > .u-container-layout > a:hover,\n    a:hover\n    {\n        color: var(--hyperlink-hover-color);\n    }\n    .u-overlap.u-overlap-transparent:not(.u-overlap-contrast) .u-header :not(.u-nav-item) > .u-btn,\n    .u-gradient > .u-container-layout > .u-btn,\n    .u-image:not(.u-shading) > .u-container-layout > .u-btn,\n    .u-btn\n    {\n        background-color: var(--button-background-color);\n        color: var(--button-color);\n    }\n    .u-overlap.u-overlap-transparent:not(.u-overlap-contrast) .u-header :not(.u-nav-item) > .u-btn:hover,\n    .u-gradient > .u-container-layout > .u-btn:hover,\n    .u-image:not(.u-shading) > .u-container-layout > .u-btn:hover,\n    .u-btn:hover\n    {\n        background-color: var(--button-hover-background-color);\n        color: var(--button-hover-color);\n    }\n    .u-overlap.u-overlap-transparent:not(.u-overlap-contrast) .u-header :not(.u-nav-item) > .u-btn:focus,\n    .u-gradient > .u-container-layout > .u-btn:focus,\n    .u-image:not(.u-shading) > .u-container-layout > .u-btn:focus,\n    .u-btn:focus\n    {\n        background-color: var(--button-hover-background-color);\n        color: var(--button-hover-color);\n    }\n    .u-overlap.u-overlap-transparent:not(.u-overlap-contrast) .u-header :not(.u-nav-item) > .u-btn:active,\n    .u-gradient > .u-container-layout > .u-btn:active,\n    .u-image:not(.u-shading) > .u-container-layout > .u-btn:active,\n    .u-btn:active\n    {\n        background-color: var(--button-active-background-color);\n        color: var(--button-active-color);\n    }\n    .u-overlap.u-overlap-transparent:not(.u-overlap-contrast) .u-header :not(.u-nav-item) > blockquote,\n    .u-gradient > .u-container-layout > blockquote,\n    .u-image:not(.u-shading) > .u-container-layout > blockquote,\n    blockquote\n    {\n        border-color: var(--blockquote-border-color);\n    }\n    /** color-rules **/\n\n    /** alt-color-rules **/\n    .u-body-color a,.u-palette-1-base a,.u-palette-1-dark-3 a,.u-palette-1-dark-2 a,.u-palette-1-dark-1 a,.u-palette-1 a,.u-palette-1-light-1 a,.u-palette-2-base a,.u-palette-2-dark-3 a,.u-palette-2-dark-2 a,.u-palette-2-dark-1 a,.u-palette-2 a,.u-palette-2-light-1 a,.u-palette-3-dark-3 a,.u-palette-3-dark-2 a,.u-palette-3-dark-1 a,.u-palette-4-base a,.u-palette-4-dark-3 a,.u-palette-4-dark-2 a,.u-palette-4-dark-1 a,.u-palette-5-base a,.u-palette-5-dark-3 a,.u-palette-5-dark-2 a,.u-palette-5-dark-1 a,.u-palette-5 a,.u-grey-40 a,.u-grey-30 a,.u-grey-90 a,.u-grey-80 a,.u-grey-75 a,.u-black a,.u-grey-70 a,.u-grey-60 a,.u-grey-50 a,.u-grey-dark-3 a,.u-grey-dark-2 a,.u-grey-dark-1 a,.u-grey a,.u-shading a,.u-overlap-contrast .u-header a:not(.u-nav-link):not(.u-btn)\n    {\n        color: var(--hyperlink-alt-text-color);\n    }\n    .u-body-color a:hover,.u-palette-1-base a:hover,.u-palette-1-dark-3 a:hover,.u-palette-1-dark-2 a:hover,.u-palette-1-dark-1 a:hover,.u-palette-1 a:hover,.u-palette-1-light-1 a:hover,.u-palette-2-base a:hover,.u-palette-2-dark-3 a:hover,.u-palette-2-dark-2 a:hover,.u-palette-2-dark-1 a:hover,.u-palette-2 a:hover,.u-palette-2-light-1 a:hover,.u-palette-3-dark-3 a:hover,.u-palette-3-dark-2 a:hover,.u-palette-3-dark-1 a:hover,.u-palette-4-base a:hover,.u-palette-4-dark-3 a:hover,.u-palette-4-dark-2 a:hover,.u-palette-4-dark-1 a:hover,.u-palette-5-base a:hover,.u-palette-5-dark-3 a:hover,.u-palette-5-dark-2 a:hover,.u-palette-5-dark-1 a:hover,.u-palette-5 a:hover,.u-grey-40 a:hover,.u-grey-30 a:hover,.u-grey-90 a:hover,.u-grey-80 a:hover,.u-grey-75 a:hover,.u-black a:hover,.u-grey-70 a:hover,.u-grey-60 a:hover,.u-grey-50 a:hover,.u-grey-dark-3 a:hover,.u-grey-dark-2 a:hover,.u-grey-dark-1 a:hover,.u-grey a:hover\n    {\n        color: var(--hyperlink-hover-alt-text-color);\n    }\n    .u-body-color .u-btn,.u-palette-1-base .u-btn,.u-palette-1-dark-3 .u-btn,.u-palette-1-dark-2 .u-btn,.u-palette-1-dark-1 .u-btn,.u-palette-1 .u-btn,.u-palette-1-light-1 .u-btn,.u-palette-2-base .u-btn,.u-palette-2-dark-3 .u-btn,.u-palette-2-dark-2 .u-btn,.u-palette-2-dark-1 .u-btn,.u-palette-2 .u-btn,.u-palette-2-light-1 .u-btn,.u-palette-3-dark-3 .u-btn,.u-palette-3-dark-2 .u-btn,.u-palette-3-dark-1 .u-btn,.u-palette-4-base .u-btn,.u-palette-4-dark-3 .u-btn,.u-palette-4-dark-2 .u-btn,.u-palette-4-dark-1 .u-btn,.u-palette-5-base .u-btn,.u-palette-5-dark-3 .u-btn,.u-palette-5-dark-2 .u-btn,.u-palette-5-dark-1 .u-btn,.u-palette-5 .u-btn,.u-grey-40 .u-btn,.u-grey-30 .u-btn,.u-grey-90 .u-btn,.u-grey-80 .u-btn,.u-grey-75 .u-btn,.u-black .u-btn,.u-grey-70 .u-btn,.u-grey-60 .u-btn,.u-grey-50 .u-btn,.u-grey-dark-3 .u-btn,.u-grey-dark-2 .u-btn,.u-grey-dark-1 .u-btn,.u-grey .u-btn,.u-shading .u-btn,.u-overlap-contrast .u-header .u-btn\n    {\n        background-color: var(--button-alt-background-color);\n        color: var(--button-alt-color);\n    }\n    .u-body-color .u-btn:hover,.u-palette-1-base .u-btn:hover,.u-palette-1-dark-3 .u-btn:hover,.u-palette-1-dark-2 .u-btn:hover,.u-palette-1-dark-1 .u-btn:hover,.u-palette-1 .u-btn:hover,.u-palette-1-light-1 .u-btn:hover,.u-palette-2-base .u-btn:hover,.u-palette-2-dark-3 .u-btn:hover,.u-palette-2-dark-2 .u-btn:hover,.u-palette-2-dark-1 .u-btn:hover,.u-palette-2 .u-btn:hover,.u-palette-2-light-1 .u-btn:hover,.u-palette-3-dark-3 .u-btn:hover,.u-palette-3-dark-2 .u-btn:hover,.u-palette-3-dark-1 .u-btn:hover,.u-palette-4-base .u-btn:hover,.u-palette-4-dark-3 .u-btn:hover,.u-palette-4-dark-2 .u-btn:hover,.u-palette-4-dark-1 .u-btn:hover,.u-palette-5-base .u-btn:hover,.u-palette-5-dark-3 .u-btn:hover,.u-palette-5-dark-2 .u-btn:hover,.u-palette-5-dark-1 .u-btn:hover,.u-palette-5 .u-btn:hover,.u-grey-40 .u-btn:hover,.u-grey-30 .u-btn:hover,.u-grey-90 .u-btn:hover,.u-grey-80 .u-btn:hover,.u-grey-75 .u-btn:hover,.u-black .u-btn:hover,.u-grey-70 .u-btn:hover,.u-grey-60 .u-btn:hover,.u-grey-50 .u-btn:hover,.u-grey-dark-3 .u-btn:hover,.u-grey-dark-2 .u-btn:hover,.u-grey-dark-1 .u-btn:hover,.u-grey .u-btn:hover,.u-shading .u-btn:hover,.u-overlap-contrast .u-header .u-btn:hover\n    {\n        background-color: var(--button-hover-alt-background-color);\n        color: var(--button-hover-alt-color);\n    }\n    .u-body-color .u-btn:active,.u-palette-1-base .u-btn:active,.u-palette-1-dark-3 .u-btn:active,.u-palette-1-dark-2 .u-btn:active,.u-palette-1-dark-1 .u-btn:active,.u-palette-1 .u-btn:active,.u-palette-1-light-1 .u-btn:active,.u-palette-2-base .u-btn:active,.u-palette-2-dark-3 .u-btn:active,.u-palette-2-dark-2 .u-btn:active,.u-palette-2-dark-1 .u-btn:active,.u-palette-2 .u-btn:active,.u-palette-2-light-1 .u-btn:active,.u-palette-3-dark-3 .u-btn:active,.u-palette-3-dark-2 .u-btn:active,.u-palette-3-dark-1 .u-btn:active,.u-palette-4-base .u-btn:active,.u-palette-4-dark-3 .u-btn:active,.u-palette-4-dark-2 .u-btn:active,.u-palette-4-dark-1 .u-btn:active,.u-palette-5-base .u-btn:active,.u-palette-5-dark-3 .u-btn:active,.u-palette-5-dark-2 .u-btn:active,.u-palette-5-dark-1 .u-btn:active,.u-palette-5 .u-btn:active,.u-grey-40 .u-btn:active,.u-grey-30 .u-btn:active,.u-grey-90 .u-btn:active,.u-grey-80 .u-btn:active,.u-grey-75 .u-btn:active,.u-black .u-btn:active,.u-grey-70 .u-btn:active,.u-grey-60 .u-btn:active,.u-grey-50 .u-btn:active,.u-grey-dark-3 .u-btn:active,.u-grey-dark-2 .u-btn:active,.u-grey-dark-1 .u-btn:active,.u-grey .u-btn:active,.u-shading .u-btn:active,.u-overlap-contrast .u-header .u-btn:active\n    {\n        background-color: var(--button-active-alt-background-color);\n        color: var(--button-active-alt-color);\n    }\n    /** alt-color-rules **/\n</style><style id=\"font-scheme\" font-scheme=\"Roboto-OpenSans\" heading-font=\"Roboto,sans-serif\" text-font=\"'Open Sans',sans-serif\">.u-body {\n   --text-font: 'Open Sans',sans-serif;\n   --heading-font: Roboto,sans-serif;\n}</style>","appVersion":"3.1.3","isTrial":false}